country,founded,id,industry,linkedin_url,locality,name,region,size,website
united states,,ko2KSt76JQPYBCQLENsy9gnv7rdx,retail,linkedin.com/company/kihana-nursery,kihei,kihana nursery,hawaii,1-10,kihananursery.com
united states,,M8pFIuf8VKb2hcncQvuVhwf6qr2v,retail,linkedin.com/company/morning-glorious-vintage-clothing,brattleboro,morning glorious vintage clothing,vermont,11-50,
united states,,Z7XWQbw9SOmvqvoinBzCuApoLgo8,retail,linkedin.com/company/vogueflowermarket,richmond,weddings by vogue,virginia,1-10,
united states,2018,dHE7CGAnKqMGVryMLHs02grlf9Ji,retail,linkedin.com/company/refermateapp,los angeles,refermate,california,1-10,refermate.com
united states,,rcKWtQMkoMXxFTcHem65pgRAhJRJ,retail,linkedin.com/company/fox-auto-salvage-&-parts,malvern,fox auto salvage & parts,ohio,1-10,foxasap.com
united states,,wjKcTtPMVyBxSWg59N8FBQhVSFbc,retail,linkedin.com/company/ols-maintenance-supply-inc.,houston,"ols maintenance supply, inc.",texas,1-10,
united states,,eIbLkja7Bh3BGl82K6Kstwg8rgdi,retail,linkedin.com/company/yakima-secure-storage,yakima,yakima secure storage,washington,1-10,yelp.com/biz/yakima-secure-storage-yakima
united states,,ZwK9qk1MCclJngRECJeaYg6K8C08,retail,linkedin.com/company/amazing-intimate-essentials,waltham,amazing intimate essentials,massachusetts,51-200,amazing.net
united states,,XqRSvzF0bYL3xt8UR2z5aA1KpXkK,retail,linkedin.com/company/dayton-billiards,dayton,dayton billiards,ohio,11-50,daytonbilliards.com
united states,,t0W5BimoIrgcEfDA4cLiCgzAqT2u,retail,linkedin.com/company/efi-express,lee,efi express,new hampshire,11-50,efiexpress.com
united states,,8UmDqEGdOkXGUduwjUsORwFZLX5M,retail,linkedin.com/company/laser-craft-inc.,north ridgeville,"laser craft, inc.",ohio,11-50,lasercraftusa.com
united states,,jCTzjbue8qsDCzV3SbXNqQC3Vt2M,retail,linkedin.com/company/hoblit-chevrolet-buick-gmc,colusa,hoblit chevrolet buick gmc,california,1-10,hoblitchevy.com
united states,,RCVEpDX7r0v14PsRLVBPVAPps264,retail,linkedin.com/company/main-street-bicycles,utica,main street bicycles,michigan,11-50,mainstreetbicycles.com
united states,,HhiIEmMa7oF46KaOiv3oCg78tKYD,retail,linkedin.com/company/north-coast-vision-optometry,santa cruz,north coast vision optometry,california,11-50,northcoastvisionoptometry.com
united states,2011,6e1MCIVRaZxUljCzULxnMgu9pcO5,retail,linkedin.com/company/local-souvenirs-llc,cypress,local souvenirs llc,texas,1-10,localsouvenirs.com
united states,2015,A7YilnOVsPl31iW6KETKRwEkA9A9,retail,linkedin.com/company/the-aurora-company,cary,the aurora company,north carolina,1-10,theauroraco.com
united states,2018,JMKxlCwLXMnrTHXBBO8XBASS6Z6y,retail,linkedin.com/company/ortiz2solutions,el dorado hills,ortiz 2 solutions,california,1-10,ortiz2solutions.com
united states,,HBQdfupdz5mlOujvtL9sXgYBcgj0,retail,linkedin.com/company/gold-star-usa,keego harbor,gold star usa,michigan,11-50,goldstargold.com
united states,,i4ki8TC71xfbpntLQQyI7gBZUC2q,retail,linkedin.com/company/lighthouse-truck-&-auto-center,manteo,lighthouse truck & auto center,north carolina,11-50,outerbanksjeep.com
united states,,GWt4qxEFhfxrDVyuUvaO3wYYb6F7,retail,linkedin.com/company/hess-conservatory-of-music-music-instruction-specialists,miami,hess conservatory of music / music instruction specialists,florida,1-10,musicinstructionspecialists.com
united states,,EnGcOz2VYZe96nshcWrd2QaFhBpj,retail,linkedin.com/company/ici-dulux-paint-centers,anaheim,ici dulux paint centers,california,1-10,
united states,,FnNH2yscuriob4T1C5JMfgXj8UJ3,retail,linkedin.com/company/willie's-t's,,willie's t's,,11-50,gotowillies.com
united states,,YfBVlZ0Q8TATdWrshWaa2wuzMo5r,retail,linkedin.com/company/resale-&-more,college station,resale & more,texas,1-10,
united states,,3Lqa6znF5hKCJglnuU0vRgh0xWIA,retail,linkedin.com/company/granite-hills-chevrolet-buick,llano,granite hills chevrolet,texas,11-50,granitehillschevy.com
united states,,YBK74OvygDbFjhb5aGdQCwii55uh,retail,linkedin.com/company/ocean-stained-glass,seal beach,ocean stained glass,california,1-10,oceanstainedglass.com
united states,,RP5CKT7NlMLCO3BKwS03oQOs7UV1,retail,linkedin.com/company/the-pleasantree-gift-shoppe,hamilton,the pleasantree gift shoppe,ohio,11-50,thepleasantree.com
united states,,DXy9yfc7vywD1UcuYCYa4A4xl4eE,retail,linkedin.com/company/gas-n-grab,millstadt,gas n grab,illinois,1-10,
united states,,CrZlfvoMuz3Bu0KA3J8oCQcC8pNS,retail,linkedin.com/company/designer-athletic,durham,designer athletic,north carolina,11-50,designerathletic.typepad.com
united states,,StZQQiZLs1I0wCd2wxH34ghp24eu,retail,linkedin.com/company/greene-acres-hydroponics,las vegas,greene acres hydroponics,nevada,11-50,greeneacreshydroponics.com
united states,,IfjtvsobtbeeoPc7xAnxBgpYLE7y,retail,linkedin.com/company/2nd-street-emporium,webster city,2nd street emporium,iowa,1-10,
united states,,Cl94A8U3hEpe2jOGIxbuIQTr6bqb,retail,linkedin.com/company/salty-dog-water-conditioning,deltona,salty dog water conditioning,florida,1-10,
united states,2021,m0Qs5MJQsWJJuev38Yau8A1cu6SW,retail,linkedin.com/company/lobster-beach™,cashiers,lobster beach™,north carolina,1-10,lobsterbeach.live
united states,2018,IkoxyGCNJQwyFSBMyUD82gPi5Hi1,retail,linkedin.com/company/mimi's-fresh-tee's-llc,portland,mimi's fresh tees,oregon,1-10,mimisfreshteespdx.com
united states,,dhw4VV6JSD9vsxSkMcNt1AVubkuZ,retail,linkedin.com/company/charity-cottage-thrift-store,vinton,charity cottage thrift store,virginia,11-50,
united states,,ATKZboBToz3KAVBcwL9pPAEBmOM6,retail,linkedin.com/company/big-brother’s-pawn,springdale,big brother’s pawn,arkansas,11-50,
united states,,wqoiyi6rGvdpUlxZ4vk6Vwn1D8WK,retail,linkedin.com/company/ally-press,st. paul,ally press,minnesota,1-10,allypress.com
united states,1935,ScanOCzkTlEsBhFfaUwA7gWtFajW,retail,linkedin.com/company/sherpers-inc,waukesha,sherper's,wisconsin,11-50,sherpers.com
united states,1977,Xkpd9TMjkrqHghGLQcIo7gouavb3,retail,linkedin.com/company/gp-awards-&-promotions,beebe,gp awards & promotions,arkansas,1-10,gp-awards.com
united states,,q9aDWLmAtBJRTdzBkIMUUwDnhEFc,retail,linkedin.com/company/haispot,atlanta,haispot,georgia,1-10,
united states,,c0Xf1RhwLitQnl4fHNcEtgXcaWA3,retail,linkedin.com/company/thats-a-great-deal,toccoa,thats a great deal,georgia,1-10,thatsagreatdeal.net
united states,,1KApyLCI3vCwzU7DAraRVg909Sbl,retail,linkedin.com/company/atc-home-improvement,midland,atc home improvement,virginia,1-10,
united states,,Th29k0N1CHw5FFb7FR85KwfHyh5G,retail,linkedin.com/company/a-little-bit-of-naples,newburyport,a little bit of naples,massachusetts,11-50,
united states,,JJP52hdcFNOyHUFY5SBDvAtbyPmm,retail,linkedin.com/company/urban-exchange-project,philadelphia,urban exchange project,pennsylvania,1-10,urbanexchangeproject.com
united states,1979,HCwVRDMwrcmJn7mKvfttwAFLmyrA,retail,linkedin.com/company/holder-pest-control,deland,holder pest control,florida,11-50,holderpest.com
united states,,uJOANUB1y0IIBaw2CoTB7ACXBems,retail,linkedin.com/company/savior-guitar,raleigh,savior guitar,north carolina,11-50,saviorguitar.com
united states,,6kfbxLcWYiJa0eca07UIsAKQwDGt,retail,linkedin.com/company/we-buy-your-stuff,folsom,we buy your stuff,pennsylvania,1-10,webuyyourstuff.net
united states,2023,RVdWFwBf66CmCUMWJJssOg45nBml,retail,linkedin.com/company/advanced-petroleum-technologies-llc,las vegas,advanced petroleum technologies llc.,nevada,1-10,
united states,2012,ISzfBGWIfGEJn5H2rTg08gTy7nBG,retail,linkedin.com/company/rafika-investment-llc,houston,"rafika investment, llc",texas,1-10,
united states,,po4R5ustNKo1z6K8QkTVtQlhts79,retail,linkedin.com/company/race-escooter,long beach,oracle red bull racing escooter,california,11-50,rbr-escooter.com
united states,,vM5IwAtDkCUjcxCeVRZT7wDWm0jD,retail,linkedin.com/company/burke-welding-supply-co-inc,monahans,burke welding supply co inc,texas,1-10,
united states,,tC5Qrnd4c6baszMCgAk1DggwRV2l,retail,linkedin.com/company/mi-pueblo-latin-market,aurora,mi pueblo latin market,colorado,11-50,mipueblomarketco.com
united states,2010,V0SzrEM2CBrNGaiAfRFlsgjbUX7E,retail,linkedin.com/company/simply-pure,denver,simply pure,colorado,11-50,simplypure.com
united states,,YLZ06EWfW8tfOupAsmBKzwOc9TWr,retail,linkedin.com/company/thekingsbay,hardeeville,thekingsbay,south carolina,11-50,
united states,,gVBPBuNe8Exe4C3ROolBwgZ92Imh,retail,linkedin.com/company/schreiner-trucking-inc,athens,schreiner trucking inc,wisconsin,1-10,
united states,,Q4zfQmlzJI3y68IKBfYflQ07ehyD,retail,linkedin.com/company/libby’s-flowers-gifts-&-more,elberton,libby’s flowers gifts & more,georgia,1-10,libbysflowersga.com
united states,,CBnwk2bl8rxEGdPy8NziBgQmvZKb,retail,linkedin.com/company/kramer’s-kitchen-&-bath,sycamore,kramer’s kitchen & bath,illinois,11-50,kramerskitchenandbath.com
united states,,Q0jPUAc1G1DJiG3s40mIgQCD3wwE,retail,linkedin.com/company/gypsea-boutique,kailua,gypsea boutique,hawaii,11-50,
united states,2014,DVqH5NmDzQYPw3VQ4vTMUQ8br6kc,retail,linkedin.com/company/smartfixtronics,miami beach,smartfixtronics,florida,1-10,smartfixtronics.com
united states,,ionWtPNbArgLZkBDsExv4whxuNPF,retail,linkedin.com/company/judith-ripka-design,new york,judith ripka design,new york,1-10,
united states,,eJNnpg5cvMKrLj9us6qFEAl0Q8Du,retail,linkedin.com/company/lilo-maternity,brooklyn,lilo maternity,new york,11-50,lilomaternity.com
united states,2005,STGDLpBbDn5Abi5wMDZUiQbot7rb,retail,linkedin.com/company/lilyann's-lingerie-inc.,livermore,"lilyann's lingerie, inc.",california,1-10,lilyannslingerie.com
united states,,Yb07UCN52AfGakRSj7ykag9U2jT5,retail,linkedin.com/company/collective-the-art-of-craft-inc.,woodstock,"collective-the art of craft, inc.",vermont,1-10,collective-theartofcraft.com
united states,2022,mRoZA3bRYSCl34r0gi6GGAkTaPub,retail,linkedin.com/company/kitlabdiagnostics,new york,kitlab,new york,11-50,kitlab.com
united states,,MwOdMhFhA3pb0t3GbEy46QvQe2bt,retail,linkedin.com/company/woah-cold-brew,nashville,woah cold brew,tennessee,1-10,drinkwoah.com
united states,,aFBkLRmP7BjvW3Mg4SoTvAKKIggn,retail,linkedin.com/company/roux-royale,new orleans,roux royale,louisiana,1-10,shoprouxroyale.com
united states,,lCtcoQOyvaQkHBvkqCK4AASCsdqd,retail,linkedin.com/company/the-norton-shows,sevierville,the norton shows,tennessee,1-10,nortonshows.com
united states,,ieSyDuQOoOAeMj4fuaL28g6n2VtU,retail,linkedin.com/company/blackthorne-pools-&-spas-inc---a-bioguard-platinum-dealer,salinas,blackthorne pools & spas inc - a bioguard platinum dealer,california,11-50,
united states,,R3i4NQC6Bu1p3Gm5OWXYsgUHpOsT,retail,linkedin.com/company/my-brothers-love,atlanta,my brothers love,georgia,1-10,mybrotherslove.com
united states,,EDXGg9BCMVCv1zHDGbtJXAO1HGZE,retail,linkedin.com/company/countryside-mobil-gas-station,countryside,countryside mobil gas station,illinois,1-10,
united states,,hdo4fmb64IN1WejIxYpFHQWMucK3,retail,linkedin.com/company/got-cbd-store,locust grove,got cbd? store,georgia,1-10,gotcbdstore.com
united states,,73138XkqMlmjRxW0iCGByQC4M6bu,retail,linkedin.com/company/motor-city-chrysler-plymouth-dodge-jeep,monahans,motor city chrysler plymouth dodge jeep,texas,11-50,
united states,,QKCQ2shwopaXv4uXAACi3wWRyVob,retail,linkedin.com/company/bob’s-army-and-navy-store,mojave,bob’s army and navy store,california,11-50,bobsarmynavystore.net
united states,2006,pajYNk03BeBpCdlqbymwDwutuXMr,retail,linkedin.com/company/pacific-blanket-&-trading-co-,anacortes,pacific blanket & trading co.,washington,1-10,pacificblankettradingpost.com
united states,,PD1IadTP4cunO3KPY6iDewQkuEQ2,retail,linkedin.com/company/max-daniel-designs-inc,san pedro,"max daniel designs, inc",california,1-10,maxdaniel.com
united states,,Ik4mdBLUWGq1XQiivBlPYADht9Lp,retail,linkedin.com/company/mirror-mirror-inc.-bridal-boutique,baldwinsville,mirror mirror inc. bridal boutique,new york,1-10,mirrormirrorincbridal.com
united states,,AuodrFYDW4kNbGQjjbiWPQLJbBSp,retail,linkedin.com/company/yoruk-rug-gallery,chicago,yoruk rug gallery,illinois,11-50,
united states,,PUSWQbCowwQAUQRTzUjJ3wvmdoxB,retail,linkedin.com/company/a-&-a-ceramic-tile-&-linoleum-inc,west seneca,"a & a ceramic tile & linoleum, inc",new york,1-10,
united states,,xqQb4mY9HD5opf3K5YaFGQdmEJjU,retail,linkedin.com/company/my-favorite-contractor,baltimore,my favorite contractor,maryland,1-10,
united states,2009,LtSPHL9TquDKiqXu2UheDAxVR3M9,retail,linkedin.com/company/trading-for-treasures,aurora,trading for treasures,colorado,1-10,tradingfortreasures.org
united states,1999,FBJeFFnEbR5m9c6La5dM1g3stPMF,retail,linkedin.com/company/beauty-com,bellevue,beauty.com,washington,501-1000,beauty.com
united states,,O2pHZiXO9sD9tYAS9ot61QnKom9M,retail,linkedin.com/company/quality-memorials,hays,quality memorials,kansas,1-10,quality4memorials.com
united states,,CW8kdHftl4AyXilOEvBlqAKFMDQ6,retail,linkedin.com/company/ola-baby,brooklyn,ola baby,new york,11-50,olababy.com
united states,,ri0K4ZnMmnX7Xebo8CS6CgEZW9yA,retail,linkedin.com/company/the-noise-shoppe,slatington,the noise shoppe,pennsylvania,11-50,noiseshoppe.com
united states,,Gxv7wynjZWD5JCJQ0gKxkQFO57To,retail,linkedin.com/company/alex-flower-shop,hayward,alex flower shop,california,11-50,alexflowershop.com
united states,2010,fAB67gmCQcAumqs5084k9w921btJ,retail,linkedin.com/company/old-town-spices-shop,fort collins,old town spices shop,colorado,1-10,oldtownspiceshop.com
united states,,BQa2GCUCxFGsB9lFuZruaQ6Qs95K,retail,linkedin.com/company/rvs-4-less,madera,rvs 4 less,california,1-10,rvs4lessca.com
united states,2018,4wB2wNKCTnHw0UNOeksuugms7UFh,retail,linkedin.com/company/ohco-massage-chairs,boulder,ohco massage chairs,colorado,51-200,ohcomassagechairs.com
united states,,kpJCvgbYmaStBylTPmTEyABE3Ny4,retail,linkedin.com/company/balistics,schenectady,balistics,new york,1-10,
united states,1983,Tp4sYM1IVqHL7NZDAjebgAQZ5Hpd,retail,linkedin.com/company/quintard-mall-ltd.,birmingham,"quintard mall, ltd.",alabama,11-50,shopquintardmall.com
united states,1993,IWHGZ8ipCpB7loMavxCsHwJPCHYx,retail,linkedin.com/company/designs-by-carmen-inc.,orlando,"designs by carmen, inc.",florida,1-10,designsbycarmennow.com
united states,2013,gfq0Fk62W8wkYKF447LHNw327LcZ,retail,linkedin.com/company/ezdrone-inc,san diego,ezdrone inc,california,1-10,ezdrone.com
united states,2024,Snu1t2lY2cK5fhpG9GqyuAekSEb6,retail,linkedin.com/company/sharedjournalco,dallas,shared llc,texas,1-10,sharedjournalco.com
united states,,WjUcoDzWOA7EdKPK7AlDKQIOZX5r,retail,linkedin.com/company/holland-realty-&-auctions-inc.,rogersville,"holland realty & auctions, inc.",alabama,1-10,hollandrealty.com
united states,,Eq20Pdr2d5QVrY40s6uljQv02Qv2,retail,linkedin.com/company/second-hand-rose-east,memphis,second hand rose east,tennessee,11-50,
united states,,H4MyBrSLxxn565vGmVkusw7F4bjf,retail,linkedin.com/company/sherwood-center-for-the-arts,sherwood,sherwood center for the arts,oregon,11-50,
united states,,ji3u9F8aZ6r4BFpZXJ55nwxYglPk,retail,linkedin.com/company/805-work-&-play-gear,thousand oaks,805 work & play gear,california,1-10,805workplay.com
united states,1942,XwVCRqGdeqLrzeq3hcvu7gzj9CWq,retail,linkedin.com/company/brennan's-market,brookfield,brennan's market,wisconsin,51-200,brennansmarket.com
united states,,YfsNjLAhcfqnR12O7O4vJwNvo6q5,retail,linkedin.com/company/turner-helton-antiques-&-assoc,seattle,turner helton antiques & assoc,washington,1-10,
united states,,fSzFILRPwOLNzsNUbRumsgq9wwfk,retail,linkedin.com/company/neil's-stationers-inc.,downey,neil's stationers inc.,california,1-10,neilsstationers.com
united states,,MM01fgTo9m6xCSEIoN2vcwMsfkvt,retail,linkedin.com/company/dg-hardware-inc.,,"dg hardware, inc.",,51-200,dghardwarestores.com
united states,,fSj39zcvwaJlKDpNPPsJRg8D7Mb6,retail,linkedin.com/company/addison-marie-a-baby-boutique,albuquerque,"addison marie, a baby boutique",new mexico,11-50,
united states,2018,xYQO48JJo8cLhWihRCLMkwznklJh,retail,linkedin.com/company/craftrugs,easton,craftrugs.com(r),pennsylvania,1-10,craftrugs.com
united states,,bdkagLQBq3CAcIXOWgnkZwZsbnWh,retail,linkedin.com/company/powerkuff-llc,milford,powerkuff llc,delaware,11-50,powerkuff.com
united states,2021,zcRZ5TYzSTgfyepxpd2k8guRsWSC,retail,linkedin.com/company/jbohnbishopmercantile,moneta,jbohnbishop mercantile,virginia,1-10,jbohnbishop.com
united states,,mA539e4PIBgHmEFo5Eb66AEI1UZn,retail,linkedin.com/company/marvins-hardware,gadsden,marvins hardware,alabama,1-10,
united states,,Hefs4aAKMywE84dSI76d5AmW694m,retail,linkedin.com/company/sports-vision-bend,bend,sports vision bend,oregon,11-50,sportsvisionbend.com
united states,,3HytBTw09EIWOsioe6h0VA9w6ARu,retail,linkedin.com/company/raymond-store,allenspark,raymond store,colorado,1-10,
united states,,BBiaxwcYZVBOsjwDOW4nGQsuFWt0,retail,linkedin.com/company/cabello-ernesto,san francisco,cabello ernesto,california,1-10,
united states,2021,iYBMeuJkNfKYCRsoSBVJlwu9rJQ4,retail,linkedin.com/company/sprinkleoffun,atlanta,sprinkle of fun,georgia,1-10,sprinkleoffunshop.etsy.com
united states,,46IsIlmhGnVnj3w3BLvC5QypQKSJ,retail,linkedin.com/company/pleasanton-pool-center,pleasanton,pleasanton pool center,california,1-10,pleasantonpoolcenter.com
united states,,RkadHlyn4zQLnjZkPeKwXwUib7bQ,retail,linkedin.com/company/lexus-of-palm-beach,west palm beach,lexus of palm beach,florida,11-50,lexusofpalmbeach.com
united states,1978,KJqqNI7nzRIeJtm7n1HuSQXhx077,retail,linkedin.com/company/minotas-trophies-&-awards,,minotas trophies & awards,,1-10,minotas.com
united states,,0SMiZjonwQxQjHjWUzzerAnQHgxa,retail,linkedin.com/company/natraj-inc,north conway,natraj inc,new hampshire,1-10,
united states,,PBRPx7aCVDn1axT8GngeBQAOv6n2,retail,linkedin.com/company/durango-outdoor-living,durango,durango outdoor living,colorado,1-10,durangooutdoorliving.com
united states,,UjeYMcHZ1LxGHebbFVx1NQmZdtRu,retail,linkedin.com/company/nob-hill-music,albuquerque,nob hill music,new mexico,1-10,nobhillmusic.com
united states,,fEt19K6ATSSfssmnk3CTAQ3MGNCL,retail,linkedin.com/company/brodeur-carvell,bonita springs,brodeur carvell,florida,1-10,brodeurcarvell.com
united states,,hMWPy5I3eQMog7yx56i1vAaRu87p,retail,linkedin.com/company/the-charleston-mattress,,the charleston mattress,,1-10,thecharlestonmattress.com
united states,,Bau7EvCSnYosd0qRZYXw3Al0oYsZ,retail,linkedin.com/company/dynasty-vi-food-corp.,ridgewood,dynasty vi food corp.,new york,1-10,
united states,,n8h2BrRi91M3OGn0NYunngWi31Dh,retail,linkedin.com/company/jewelry-by-garo,new york,jewelry by garo,new york,11-50,jewelrybygaro.com
united states,2017,tsl60BvPDChCjfYWY8JVqAleDsqa,retail,linkedin.com/company/balefire-goods,arvada,balefire goods,colorado,1-10,balefiregoods.com
united states,2009,jNheddBsQ0UvZ59LdYdvBAuN77ow,retail,linkedin.com/company/ringo's-lakeside-marina-llc,lakeside,"ringo's lakeside marina, llc",oregon,1-10,ringoslakesidemarina.com
united states,2017,dUUk8npOGvtfu9m9p8Vx0AbWAlH1,retail,linkedin.com/company/malarkey-is,las cruces,malarkey,new mexico,1-10,malarkey.is
united states,2018,eKAB0EpKRrAxi2yB3ubAPQLxCsTk,retail,linkedin.com/company/giftygifts,belfair,gifty,washington,1-10,
united states,,C4CjPnEUqKB4tghTPXjVDw4fhpJX,retail,linkedin.com/company/harts-marine-&-outdoor,panama city,harts marine & outdoor,florida,11-50,hartsmarine.com
united states,,23HHuhqezqLtIJDBlOCCtA2AJz0a,retail,linkedin.com/company/atlantic-food-ingredients,annapolis junction,atlantic food ingredients,maryland,1-10,atlanticsweetener.com
united states,,gVdhKfyeedeeHr2jNf4pWAbZXmu2,retail,linkedin.com/company/music-together-of-boulder,boulder,music together of boulder,colorado,11-50,musictogetherboulder.com
united states,2021,S1vdtuuKhVc4ohX5QdHIgAoyYaAc,retail,linkedin.com/company/habiza-hummus,los angeles,habiza,california,1-10,habizahummus.com
united states,,a83oH1fShiMYR5tee2WcKguMtwTh,retail,linkedin.com/company/maplewood-mall,st. paul,maplewood mall,minnesota,1001-5000,maplewoodmall.com
united states,,h06Z8vT00dgzqGEAvpEYYQbeVmSg,retail,linkedin.com/company/santa-rosa-music-center,santa rosa,santa rosa music center,california,1-10,santarosamusiccenter.com
united states,,5Y65C2k5PtZc5vrIq3B4UAZgcmeI,retail,linkedin.com/company/sg-fradin-llc,studio city,"sg fradin, llc",california,11-50,
united states,,6L5roMlj6hwSWoTNC0DBQwVXZwS6,retail,linkedin.com/company/congress-food-mart,new port richey,congress food mart,florida,1-10,
united states,2022,G3TUP0vgLb1eqCrCW1r2iQi78rWQ,retail,linkedin.com/company/coding-nomad,santa monica,coding nomad,california,1-10,khristinasflowers.com
united states,,E5Ob9Whm1LjCYiMVjHCKKgAvE0E2,retail,linkedin.com/company/houppette-limited,wilmington,houppette limited,delaware,11-50,
united states,2018,PJppPn2EpGpscT4FIsBecwd56IIh,retail,linkedin.com/company/sweetwater-sales,havre de grace,sweetwater sales,maryland,1-10,sweetwatersales.com
united states,,MTEK0cacepVBScgfIZrz8g5jBITw,retail,linkedin.com/company/the-maché-group,atlanta,the maché group,georgia,1-10,themachegroup.com
united states,,Lo4BJjyaVEqrCBalTEiNBwema81t,retail,linkedin.com/company/little-bit-cleaner,chicago,little bit cleaner,illinois,1-10,littlebitcleaner.com
united states,,YTLUL6y0w8Zmmz1fSqzAwAqg2dcJ,retail,linkedin.com/company/music-city-party-bus,nashville,music city party bus,tennessee,11-50,musiccitypartybus.com
united states,,AMBGQCmntGZ5jJwofKKW8wgYCseJ,retail,linkedin.com/company/bonita-fashion,aurora,bonita fashion,colorado,11-50,bonitafashions.com
united states,,EEhc7a93MTvLUemfdzDqmQuOUKPZ,retail,linkedin.com/company/the-village-green-bookstore-inc.,rochester,"the village green bookstore, inc.",new york,1-10,
united states,,BZobdCaBLQCRTjsOMGxIqQz3m1bZ,retail,linkedin.com/company/central-coast-car-company,grover beach,central coast car company,california,1-10,centralcoastcarcompany.com
united states,,hZrHDydOabitEkeUaBAsQQLnfvVh,retail,linkedin.com/company/clarke-galleries,stowe,clarke galleries,vermont,11-50,clarkegalleries.com
united states,,WAc0Ztz2vBfMVmY5TVJRvgM3WuPC,retail,linkedin.com/company/memphis-drum-shop,memphis,memphis drum shop,tennessee,1-10,memphisdrumshop.com
united states,,2SkhgaKIt6H610LGOLR1UQ7ZUE5M,retail,linkedin.com/company/threaded-designs-unltd,mattoon,threaded designs unltd,illinois,1-10,
united states,,PCVdYB2CY6B0yq6f3LH4uAUNPMcL,retail,linkedin.com/company/zoinks-records,pomona,zoinks records,california,11-50,zoinksrecords.com
united states,2022,ezWXROuZbeuLqQQz3nDH9gQcTGMj,retail,linkedin.com/company/preferred-lighting-inc,delray beach,preferred lighting inc,florida,1-10,preferredlighting.net
united states,,ksHtplIMh2VS56OhugiEYAsKKoVR,retail,linkedin.com/company/antique-arena-nyc,brooklyn,antique arena nyc,new york,11-50,
united states,,swxSddL6KmBA0CGgaCECBAS3S1DD,retail,linkedin.com/company/tacoma-book-ctr,tacoma,tacoma book ctr,washington,1-10,tacomabookcenter.com
united states,,b82msNyVBhegdABmhvbGFgFffn9a,retail,linkedin.com/company/salina-floral-&-gifts,salina,salina floral & gifts,utah,11-50,salinafloralandgifts.com
united states,,Jy8HNui0DD3nOEwapFmslwvTCT6f,retail,linkedin.com/company/temple-welding-supply-inc,killeen,temple welding supply inc,texas,1-10,
united states,,t3dcUgnGSKDJlzlCw2UGVwqN0GMe,retail,linkedin.com/company/rocky-road-remedies---vail,avon,rocky road remedies - vail,colorado,1-10,
united states,2013,J3fN39JfKBrDC2Ck7OLCDgCejCWP,retail,linkedin.com/company/cali-and-york,costa mesa,cali and york,california,11-50,caliandyork.com
united states,,KcCxN4svB7ldWtNXn7ha8ATgLm0J,retail,linkedin.com/company/afrika-books,west memphis,afrika books,arkansas,1-10,afrikabooks.com
united states,2009,Bot7COivZQD8b5KjBsFKvAwaWOiV,retail,linkedin.com/company/west-michigan-tool-industrial-supply,grand rapids,west michigan tool & industrial supply,michigan,1-10,
united states,,6VlWRVKBRL7PgWkEP999sQTJiY2M,retail,linkedin.com/company/chained-out-vape,wilmington,chained out vape,north carolina,11-50,chainedout.com
united states,,ucyFLTBW8A5T7B6fFTPBLQGRZRP5,retail,linkedin.com/company/vapor-laze,omaha,vapor laze,nebraska,1-10,vaporlaze.com
united states,2007,CnV3rhZJnTZ7rNUptLUCSQtFt3XW,retail,linkedin.com/company/blue-note-woodworks-llc,gold hill,blue note woodworks llc,oregon,11-50,bluenotewoodworks.com
united states,,CemTjvw8v1qgtBOnSMCj5QE73UD9,retail,linkedin.com/company/gilt-city-warehouse-sale,chicago,gilt city warehouse sale,illinois,11-50,
united states,,CByXQZXE9BlOjZ2BGtvCLQSXg1HA,retail,linkedin.com/company/tickets-scotland-limited,middlesex,tickets scotland limited,new jersey,1-10,tickets-scotland.com
united states,2015,ZQkAWy3Q7qUZhYIRQcPvOgvSmLCJ,retail,linkedin.com/company/mix-&-match-stl,st. louis,mix & match llc,missouri,1-10,stlmixandmatch.com
united states,2009,LTAp7oC0UKwrEDCiWg1J3QfL8fsx,retail,linkedin.com/company/tin-roof-teas,raleigh,tin roof teas,north carolina,1-10,tinroofteas.com
united states,,DWYQ7GpS7LrfBqvpMbCjvgH4LF8V,retail,linkedin.com/company/rad-jewelers,salem,rad jewelers,massachusetts,11-50,radjewelers.com
united states,,eJXXgiT64BjarjKrP2bVwA7piWZN,retail,linkedin.com/company/carlos-imports,snyder,carlos imports,texas,1-10,
united states,2006,3dVq6BkIBFyHE87xMchXvgfdaEjC,retail,linkedin.com/company/spray-away-bed-bugs,,spray away bed bugs,,1-10,sprayawaybedbugs.com
united states,,n5WNgeykBHsCPfHlrn9JZgMWExmN,retail,linkedin.com/company/big-time-advertising,columbia,big time advertising,south carolina,1-10,bigtimeadv.com
united states,,Z48qjUCmjdBylCEemL1lnQ1ouGpw,retail,linkedin.com/company/lion-department-store-inc,bronx,lion department store inc,new york,1-10,
united states,,kIC9CaQdJHd94BP4uBp8PwDSfXNz,retail,linkedin.com/company/david-reisland-fine-furniture,captain cook,david reisland fine furniture,hawaii,11-50,davidreisland.com
united states,2005,4qD02jsrOBGs9KCuzJBwaweJyfHV,retail,linkedin.com/company/big-gator-tools,louisburg,big gator tools,kansas,1-10,biggatortools.com
united states,,SITHdxsJNwrG90kaPqmDWAsI8JXP,retail,linkedin.com/company/custom-window-covering,marion,custom window covering,indiana,1-10,
united states,,zy1t3Lcve2EwJkmBZdlxkg3ghfl7,retail,linkedin.com/company/stepney-hardware,monroe,stepney hardware,connecticut,1-10,stepneyhardware.com
united states,,ref5EUSIJwwpUnSrnlU1UwnLmzKt,retail,linkedin.com/company/mercury-20-gallery-llc,oakland,"mercury 20 gallery, llc",california,1-10,mercurytwenty.com
united states,2017,B7efAzXFC8KOJJZzCXrWPwDwbxcc,retail,linkedin.com/company/custompictureframes,somerset,custom picture frames,new jersey,11-50,custompictureframes.com
united states,,I4ZJSyL22tB7ARtOufJnLQt9eKU2,retail,linkedin.com/company/second-peek-boutique,wausau,second peek boutique,wisconsin,1-10,secondpeekboutique.com
united states,,3xC5Gy9knjvJgAIjsC5nFg9qKH71,retail,linkedin.com/company/front-range-wholesale-restaurant,denver,front range wholesale restaurant,colorado,1-10,
united states,,KK7gHipxx9dpN4Zyij38gwxMm5xX,retail,linkedin.com/company/davis-designs-audio-llc,hamilton,davis designs audio llc,indiana,1-10,davisdesignsaudio.com
united states,2022,Uhi57JSBV255W2ohiCQIxACXTSZk,retail,linkedin.com/company/felinton-inc,huntington,felinton inc.,west virginia,11-50,felintoninc.org
united states,,Rn4Kt2CsBkHqz7xgmP1J7AuKy0rK,retail,linkedin.com/company/chapman-music,paducah,chapman music,kentucky,11-50,chapmanmusic.com
united states,,q7QZN1rBJe1FpwTnGlZNfgHKDT1N,retail,linkedin.com/company/j-crew-retail-store,metairie,j crew retail store,louisiana,11-50,
united states,,f3InLuMOQ5QJigKSWwd9mgSnlqcI,retail,linkedin.com/company/reid-group,lutherville,reid group,maryland,1-10,
united states,,seAOolqTRfAHclUnYvzO5AvtUuyc,retail,linkedin.com/company/global-flowers-&-more,las vegas,global flowers & more,nevada,11-50,
united states,2015,umIhqIUn1asyU1MnvmsMFAP66vX3,retail,linkedin.com/company/the-door-district,miami,the door district,florida,11-50,thedoordistrict.com
united states,,zfkZ1kitgepQ4BCA094yDgPKWLZ0,retail,linkedin.com/company/wholesale-vertical-blinds,west palm beach,wholesale vertical blinds,florida,11-50,wholesaleverticals.net
united states,,7ZLPnyDq0oj7njBApPmpswsGfJvk,retail,linkedin.com/company/significant-art,chicago,significant art,illinois,11-50,significantart.com
united states,,dCc4xf20ZQ6XgByElmyn3wJCqylO,retail,linkedin.com/company/bob-&-paul-auto-mall,district heights,bob & paul auto mall,maryland,1-10,bobandpaulautomall.com
united states,,RnsBRyFCvoMEizbmApRDXwC9l8W6,retail,linkedin.com/company/for-your-plaisir,,for your plaisir,,1-10,foryourplaisir.com
united states,2008,NFZPyZJlxZy7Qp1Hxgg5JgH38chV,retail,linkedin.com/company/linhardtdesign,,linhardt design,new york,1-10,linhardtdesign.com
united states,2021,2RbYjiYLdz96zMJEfyRrkgYZNVzK,retail,linkedin.com/company/big-spring-outdoors,big spring,big spring outdoors,texas,1-10,bigspringoutdoors.com
united states,,Rvf55CprHXMjVJYM8WCCrwlcAh2G,retail,linkedin.com/company/chrome-shop-of-houston,channelview,chrome shop of houston,texas,1-10,chromeshopofhouston.net
united states,,4q7eoSMBTYiHLjQyspCqCgKkchSA,retail,linkedin.com/company/beer-ventures-llc,new haven,beer ventures llc,connecticut,1-10,jandlventuresllc.com
united states,,bKch7L9H17mdCrUu8cp1BgHU1a8T,retail,linkedin.com/company/miamileather-co-,,miamileather co.,,1-10,miamileather.com
united states,,xPIqlEZeKZAPfmA3nNtEGQNgjLhN,retail,linkedin.com/company/tactical-advantage-firearms,round rock,tactical advantage firearms,texas,1-10,gotacaf.com
united states,,NYWBVswAianaPuNfGFhbFgqeSk3d,retail,linkedin.com/company/laura-mckissack,austin,laura mckissack,texas,1-10,
united states,,KHKth49W8Zbvq6DMk9IqXw3b1WGJ,retail,linkedin.com/company/rockland-pharmacy,american falls,rockland pharmacy,idaho,1-10,yelp.com/biz/rockland-pharmacy-american-falls
united states,2005,onfzd6wRsYwm9xChyQiYDg6wUZfq,retail,linkedin.com/company/orange-county-music-academy,anaheim,orange county music academy,california,1-10,ocmusicacademy.com
united states,,pQdq73gEDWywkIVRuj0CtASPPDw3,retail,linkedin.com/company/rudolf-steiner-books-store-&-children's-shop,seattle,rudolf steiner books store & children's shop,washington,1-10,georgianwoodentoys.com
united states,1991,DrayUPPda16UdHcPfpQLEQEcnZEF,retail,linkedin.com/company/mb-bride,greensburg,mb bride,pennsylvania,11-50,mbbride.com
united states,2003,7C73reo4UDWnMy6CUGh1IwGgq0zo,retail,linkedin.com/company/emeraldpromo,greenwood,emerald ink & stitches,south carolina,1-10,eisandmore.com
united states,2006,tyZnLhYG8VWU8uBLgwDlIw4F0akk,retail,linkedin.com/company/se-sports-memorabilia-com,pottsville,se sports memorabilia.com,pennsylvania,1-10,sesportsmemorabilia.com
united states,,444ogaX2aPniRAuwiqYl7wy8Pv4w,retail,linkedin.com/company/sunflower-quilts,derby,sunflower quilts,kansas,1-10,sunflower-quilts.com
united states,,e2BGpF7kd8dg1b4p4QG4iQWnE9Hi,retail,linkedin.com/company/paul-thigpen-chevrolet-buick-gmc,vidalia,paul thigpen chevrolet buick gmc,georgia,1-10,
united states,,sOS7P4QcGxAptYb4YleC7g1uihGM,retail,linkedin.com/company/jj-best-banc-and,new bedford,jj best banc and,massachusetts,11-50,
united states,2015,CZiRGiYmpC7oIGaiCDxEQQhWjuZg,retail,linkedin.com/company/koa-studio-llc,pensacola,"koa studio, llc",florida,11-50,lorenmillerart.com
united states,,0DEcxBUEdWjDaxAgtoiS8gZ57wPy,retail,linkedin.com/company/hbys-enterprises-llc-dba-the-pin-creator,winter springs,hbys enterprises llc dba the pin creator,florida,1-10,
united states,,2bCUVsPi8gcT11rEvLAcMA3Rl3JT,retail,linkedin.com/company/kinney-nursery-&-topsoil-llc,vina,kinney nursery & topsoil llc,california,11-50,
united states,2020,MsN65DoKOJUJDa96aF13EwDE2GbP,retail,linkedin.com/company/feel-good-retail,boston,feel good retail,massachusetts,1-10,feelgoodretail.com
united states,,MPXe6vkvRX6ma5RO1hhD5AhY0p6D,retail,linkedin.com/company/old-time-games-inc,quakertown,old time games inc,pennsylvania,1-10,oldtimegames.com
united states,2007,ZB9bXJ5NWaimrSCuNhoVQwUQX3Id,retail,linkedin.com/company/cherished-gifts-&-favors-inc-,lynn haven,"cherished gifts & favors, inc.",florida,1-10,cherishedgiftfavors.com
united states,,9fvY8KU4RvWvg5COtsqbIgwXLglT,retail,linkedin.com/company/metroboom,denver,metroboom,colorado,1-10,metroboom.com
united states,,mVLgQ0p725IR9V6vwRkSFw06Al58,retail,linkedin.com/company/intermountain-farmers-assn,farmington,intermountain farmers assn,new mexico,11-50,ifa-coop.com
united states,,6VyWsDeBQXCKXusoVS0NUg4bjElf,retail,linkedin.com/company/the-earth-shop,clifton park,the earth shop,new york,1-10,
united states,,Qf0h4I6YISA10Om7YpUQoAzsDOOX,retail,linkedin.com/company/plaza-cycle,salt lake city,plaza cycle,utah,11-50,
united states,,nd1BlCxA9hFgYpXo8UpU6QSXWbux,retail,linkedin.com/company/dothan-sewing-center,dothan,dothan sewing center,alabama,11-50,dothansewingcenter.com
united states,,fW1425WeNSujuj6Rciqq6Q50O9W2,retail,linkedin.com/company/karmasonics-music-video,asheville,karmasonics music video,north carolina,1-10,
united states,1978,evJilclWNNFLtrOvwtSMOQJb4J8g,retail,linkedin.com/company/total-office-solution-of-west-texas,odessa,total office solution of west texas,texas,11-50,totalofficesolution.biz
united states,2018,69cdK6F8NwuBn96zdefugA4LPJFQ,retail,linkedin.com/company/hola-bonita-designs,virginia beach,hola bonita designs,virginia,1-10,holabonitadesigns.com
united states,,FQqx8drCmFYIV5lRsfKn4gAOMuLP,retail,linkedin.com/company/my-tie-sarongs-resortwear-www-sarong-com,,my tie sarongs resortwear. www.sarong.com,,1-10,sarong.com
united states,,SSATj85aZE1nBA1IGdTc4QLl2O0i,retail,linkedin.com/company/art’s-camera,downey,art’s camera,california,1-10,artscamera.net
united states,,U8CmhCYK7DeWY3j22xTNogSY3P9J,retail,linkedin.com/company/huston-cadillac,lake wales,huston cadillac,florida,1-10,
united states,2007,annQl4e9rW8vzgC01z6xSQA47yQ9,retail,linkedin.com/company/panama-city-automotive-group-inc,panama city,"panama city automotive group, inc",florida,51-200,
united states,2016,idDXBDlBcQe5I51h4vqg1AdXrpYS,retail,linkedin.com/company/ladybee-boutique,flower mound,ladybee boutique,texas,1-10,ladybeeboutique.com
united states,1980,JzzbkdEdPY4WT9An6bWDQAeEosFp,retail,linkedin.com/company/fernand-optical-boutique-inc.,miami,"fernand optical boutique, inc.",florida,11-50,
united states,,NO8qm5Lfagj8eHdxzwqNlgcmUynU,retail,linkedin.com/company/little-bo-tique-childrens-consignment-shop,lancaster,little bo-tique childrens consignment shop,pennsylvania,11-50,
united states,,bwFL5XoFkhWybRtDq9m9hADnDhCb,retail,linkedin.com/company/les-stanford-chevrolet,dearborn,les stanford chevrolet,michigan,11-50,lesstanfordchevrolet.com
united states,,tc9lQFNDWMwhPCbZmeVxCA2rTtIQ,retail,linkedin.com/company/hamm-foods-inc,jacksonville,hamm foods inc,oregon,1-10,
united states,,OUpO4U2EgZFAxT0s45C0IQhoVAgm,retail,linkedin.com/company/window-fashions,south charleston,window fashions,west virginia,1-10,windowfashionswv.com
united states,,zzZZ9BqyIaTAre2FcTg3TAbf9QA9,retail,linkedin.com/company/drs-page-and-ward,philadelphia,drs page and ward,pennsylvania,11-50,drspageandward.com
united states,2004,QAZTf6yhXdIIodBHqUcUIQKosGGb,retail,linkedin.com/company/que-padre-l.p.,south padre island,"que padre, l.p.",texas,1-10,
united states,1973,uLMCe5IrztgQmWBS8YgJkg0TtuWi,retail,linkedin.com/company/pet-supermarket,fort lauderdale,pet supermarket,florida,1001-5000,petsupermarket.com
united states,,N5N0pBWfxyfZktvfFQfa0QJjshhr,retail,linkedin.com/company/gene-rubin-audio,san buenaventura,gene rubin audio,california,1-10,generubinaudio.com
united states,,CsyehVQXpAf2KETJckpBpQja9tNA,retail,linkedin.com/company/super-7-mini-mart,honolulu,super 7 mini mart,hawaii,1-10,
united states,,9qAWIRTQC663MCCmBSNFCwO2zabB,retail,linkedin.com/company/ancona-enterprises-inc,olathe,"ancona enterprises, inc",kansas,51-200,
united states,2002,qjpG0nuUDJAXHl5FiQeotwGYmXKp,retail,linkedin.com/company/gary-michaels-fine-jewelry,manalapan,gary michaels fine jewelry,new jersey,11-50,garymichaelsfinejewelry.com
united states,,ws4BtuH0munu3l0PRsHyPAVUN2fu,retail,linkedin.com/company/barcode-lady-llc,st. louis,barcode lady llc,missouri,1-10,thebarcodelady.com
united states,,VzxvoBD75yLv5m7Daz9uoANsaDMK,retail,linkedin.com/company/paws-around-town-inc,oklahoma city,paws around town inc,oklahoma,1-10,pawsaroundtown.com
united states,,UGGl1iF8eKS9xB7S5q4YOgeDs4ah,retail,linkedin.com/company/central-arizona-satellite,camp verde,central arizona satellite,arizona,1-10,
united states,,jDPHKTZmIUohnPVKk2vESQn0sMWe,retail,linkedin.com/company/burlington-truck-center-inc.,burlington,"burlington truck center, inc.",new jersey,1-10,burlingtontruckcenter.com
united states,,Z9Jrg8ZyzsGAv4zo5ZlDNQ1LiJrx,retail,linkedin.com/company/c&j-collections-chicago,chicago,c&j collections chicago,illinois,1-10,
united states,,BZFtQCciplC1CBijmm8lgAKc3HFI,retail,linkedin.com/company/thompson-s-frame-factory,birmingham,thompson s frame factory,alabama,1-10,
united states,,IIUCWFo3SN6MCfg5f7gxuQrsLx1v,retail,linkedin.com/company/jenkinson-&-sala-family-christmas-trees,salinas,jenkinson & sala family christmas trees,california,11-50,farmersproducesalinas.blogspot.com
united states,,EQaT68QhJEq6QwCxgIVWiAlQDo2L,retail,linkedin.com/company/missouri-coin-co.,des peres,missouri coin co.,missouri,1-10,mocoin.com
united states,2010,rpTHt8yg58vnrjKKS4jcBwPdz3d2,retail,linkedin.com/company/lostcoffee,castle rock,lostcoffee,colorado,11-50,
united states,,eiU7DtcOsE7kX4JjjnuEwwThJKtb,retail,linkedin.com/company/land-rover-of-charleston,charleston,land rover of charleston,west virginia,1-10,landroverofcharleston.com
united states,,J8Y5mHZ9I0dzntAE98e0UAt6iMGY,retail,linkedin.com/company/elegant-tablecloth,south bend,elegant tablecloth,indiana,1-10,eleganttablecloth.net
united states,,XSue4q7hETxmnO3vqbqGGwfGrAue,retail,linkedin.com/company/the-gruene-haus,new braunfels,the gruene haus,texas,11-50,gruenehaustx.com
united states,2018,o6rCSLRbdHb7egFDKLfjgABmU5Qt,retail,linkedin.com/company/wildwood-pet,san francisco,wildwood pet,california,1-10,wildwoodpet.com
united states,,MK9WVvU2amiDBLWi6QOfqw8CpYvC,retail,linkedin.com/company/crystal-clean-distributing,columbia,crystal clean distributing,south carolina,1-10,
united states,2018,OXfxCE81dQZRrzVKqq7QuApwLTkB,retail,linkedin.com/company/engage-by-hyde-park,denver,engage,colorado,1-10,engagejeweler.com
united states,,RczHOKXdGNk52Rg3yxinRAE74zkg,retail,linkedin.com/company/retro-rusted-busted,venice,retro-rusted-busted,florida,1-10,retro-rusted-busted.com
united states,,GLGzq5uCWabFYGvqNpMVxQaNq3Ac,retail,linkedin.com/company/paul’s-auto-service-&-sales,chippewa falls,paul’s auto service & sales,wisconsin,1-10,
united states,2011,XmcCenVw0JDzPGfzDkIVbQZQZzsD,retail,linkedin.com/company/keyboard-west-studios-llc,des moines,"keyboard west studios, llc",iowa,11-50,keyboardwest.com
united states,,jvC8CwCk1chBHyWxjEkM1gQ2eLi7,retail,linkedin.com/company/city-drug-pharmacy-and-gifts,crystal springs,city drug pharmacy and gifts,mississippi,1-10,citydrug.biz
united states,1993,g4NCmWJqyPPLKro0thAL8gvOPSIB,retail,linkedin.com/company/the-willow-tree-ladies-boutique,rainbow city,the willow tree,alabama,51-200,thewillowtree.com
united states,1989,KXRMInRJ2kfSD9LVAgzA7wyoiEit,retail,linkedin.com/company/belmont-power-equipment-inc.,newington,"belmont power equipment, inc.",virginia,1-10,belmontpower.com
united states,,ynT5013JJQP9dKgR65CJXwoDxh3x,retail,linkedin.com/company/horne-hyundai,apache junction,horne hyundai,arizona,11-50,
united states,,kBOsAfZ2xlwGB7nE5gm0TQwjH7NJ,retail,linkedin.com/company/k-momo,sierra vista,k momo,arizona,1-10,k-momo.com
united states,,1BKbtJccaXZYfiWQH1BTOgMeXKH9,retail,linkedin.com/company/modesty-matters-llc,orlando,"modesty matters, llc",florida,1-10,modestymatters.net
united states,,kOIDbXBlz0M2YwIjCxRF1QCbpvjv,retail,linkedin.com/company/spa-tek,torrance,spa tek,california,1-10,spatek.com
united states,2007,It3MPIYLwn8xGtTpLZaDNQ9fGoZP,retail,linkedin.com/company/calwireless,san jose,california wireless solutions,california,51-200,cws4g.com
united states,,pBCW5nGanFpInlypHgnrCgJxXmVz,retail,linkedin.com/company/autism-advocate-foundation-inc,myrtle beach,autism advocate foundation inc,south carolina,1-10,
united states,,FhpAcsiKbjyMpUQWbKTNCwuHRvee,retail,linkedin.com/company/top-dollar-4-gold,anaheim,top dollar 4 gold,california,11-50,topdollar4gold.net
united states,,nComBrcr0BpwVMjbcg6V0Q2yqcgC,retail,linkedin.com/company/america's-best-battery-co-inc.,hayward,america's best battery co inc.,california,1-10,americasbestbattery.com
united states,,J2ROOXCZINRDDOzk1DqMJg0R6nph,retail,linkedin.com/company/war’hous-visual-studios,houston,war’hous visual studios,texas,11-50,warhous.com
united states,,Pmec2Zu6ModIlHKgTcPGoAmtW7In,retail,linkedin.com/company/osseo-ford-sales-and-services,osseo,osseo ford sales and services,wisconsin,51-200,osseofordsales.com
united states,,6ZfN1cdNrlOInPKJ6PISeQVait3a,retail,linkedin.com/company/big-deal-auctions,pequot lakes,big deal auctions,minnesota,1-10,bigdealauctions.com
united states,,WGd4qfvqZpuAXrRRtSh47ABaqrJR,retail,linkedin.com/company/pera-rug,napa,pera rug,california,51-200,perarug.com
united states,,ebKfEknmlo2O3RqPRrAuCwDkxHX5,retail,linkedin.com/company/doll-clothes-sew-beautiful,south bend,doll clothes sew beautiful,indiana,1-10,dollclothesewbeautiful.com
united states,,edp0uHYdtlRIch0pp4btRQtXJ7OJ,retail,linkedin.com/company/rocket-prints,nashville,rocket prints,tennessee,11-50,rocketprints.com
united states,1887,5jtUZ8HVLyXJVCC1MICY5gIeNLfV,retail,linkedin.com/company/john-boos-&-co,effingham,john boos & co.,illinois,51-200,butcherblockspecialist.com
united states,,u8niCDsrDtX6glORq4PEUQfqIURQ,retail,linkedin.com/company/bouchic-boutique-lounge,atlanta,bouchic boutique + lounge,georgia,1-10,bouchicatl.com
united states,,h0NHBBeCQoqaZC0bw8TCOAqxSxBX,retail,linkedin.com/company/spring-and-prince,nacogdoches,spring and prince,texas,11-50,shopspringandprince.com
united states,,SCVpiKs4t68zMjMn8j51fQHNGM7E,retail,linkedin.com/company/posh-a-boutique-salon,los banos,posh a boutique salon,california,1-10,
united states,,wDu9LgQk0NKXO2OimV84XQO1miqt,retail,linkedin.com/company/superpetfood.biz,,superpetfood.biz,,1-10,superpetfood.biz
united states,,3yrwro4S0pDtNqNPuJHP4geaOHUV,retail,linkedin.com/company/janny’s-happy-musical-notes,san francisco,janny’s happy musical notes,california,11-50,jannyshappymusicalnotes.com
united states,2015,rwaW3iJCVUY1aM9r1nh8xwNkFUjy,retail,linkedin.com/company/oasys-residential-technology-group,winston-salem,oasys residential technology group,north carolina,1-10,oasysgroup.org
united states,2009,v4MOJR2B5GYCUnUEorJRwQiz9HZv,retail,linkedin.com/company/chelsea-manor,los angeles,chelsea manor intimates,california,1-10,chelsea-manor.com
united states,,duobMS8YbfTF4E9u4zvMaQaORULq,retail,linkedin.com/company/steven-shell-living,mount pleasant,steven shell living,south carolina,1-10,stevenshellliving.com
united states,,PBdzUn5XCTNXjNCKc6GKvQlQvV3Q,retail,linkedin.com/company/mos-diner,raleigh,mos diner,north carolina,1-10,mosdiner.net
united states,2023,AVn4JKXNkM3QeiUSYBOFjwZbJRxc,retail,linkedin.com/company/knitandgather,minneapolis,knit & gather,minnesota,1-10,knitandgather.com
united states,,k39Jp2V7hO7yHItC747ndgapE4BC,retail,linkedin.com/company/young-flower,great neck,young flower,new york,1-10,
united states,2019,OCaeFTNufkYljbmwyp1lWw48fp3e,retail,linkedin.com/company/celticness,orlando,celticness,florida,1-10,celticness.com
united states,,aWcneP3RBTBvB3loIIJBbgErqgA5,retail,linkedin.com/company/audi-pittsfield,pittsfield,audi pittsfield,massachusetts,1-10,audipittsfield.com
united states,,IiLzY9Caz219rEpYUSLrng0NSQ8L,retail,linkedin.com/company/tinhorn-toys,,tinhorn toys,,1-10,tinhorntoys.com
united states,,iglS99irsHrnAJ7Su169xwhC5SiC,retail,linkedin.com/company/mybutterfly,philadelphia,my butterfly,pennsylvania,1-10,mybutterfly.us
united states,,lB09LYhfeF4pgL1SKKK2mQ5Cekuf,retail,linkedin.com/company/stateside-express-inc,las vegas,stateside express inc,nevada,1-10,yelp.com/biz/stateside-express-las-vegas
united states,2000,BvCrUxBcB3eD0HR3MptTfwopaQmI,retail,linkedin.com/company/ruff-haus-pets,chicago,ruff haus pets inc,illinois,1-10,ruffhauspets.com
united states,2017,0NqN5Naq8d1KrUxNEL0WKArGxKV4,retail,linkedin.com/company/dreamzymattress,naples,dreamzy mattress,florida,1-10,dreamzymattress.com
united states,,9ShmboNQSIuSJxkekfD1RgKP7IRK,retail,linkedin.com/company/liquor-pump,baltimore,liquor pump,maryland,1-10,liquorpump.com
united states,,EBUPjCQCNcJEE79pIixUoQ9xINrF,retail,linkedin.com/company/cicero-deli,chicago,cicero deli,illinois,1-10,
united states,,MCW4pZb17Wm5tpiBT1WthwLlzYY2,retail,linkedin.com/company/jeffrey-bannon,charleston,jeffrey bannon,south carolina,1-10,
united states,,SAudtyg8Xwj0FRIpJFwj2AcPULMq,retail,linkedin.com/company/s-styles-barbershop,worcester,s styles barbershop,massachusetts,11-50,
united states,,wVcU80uTFC7wOJJyJDsCrgQ5O6Ba,retail,linkedin.com/company/piscataqua-fine-arts,portsmouth,piscataqua fine arts,new hampshire,11-50,
united states,,bandPQVxKNslxJCBCyf3twbeEodC,retail,linkedin.com/company/bluegrass-awning-company,louisville,bluegrass awning company,kentucky,1-10,bluegrassawning.com
united states,,xadceprCqgh9DqKsjkWF5gKVKz0Z,retail,linkedin.com/company/arlington-vision-center,arlington,arlington vision center,washington,11-50,
united states,,yQQvmvn4Y7nBoDfhcz3LawmKsWSu,retail,linkedin.com/company/hansel-subaru,santa rosa,hansel subaru,california,51-200,hanselsubaru.com
united states,1862,koxRt4Hf6FctvKUcLOCwBAOcq8xJ,retail,linkedin.com/company/morgan's-jewelers,winona,morgan's jewelers,minnesota,1-10,morgansjewelerswinona.com
united states,,8pFmFdOc6ynUn0TYJ9snCw03c7Tg,retail,linkedin.com/company/gibbs-butcher-block,columbia station,gibbs butcher block,ohio,1-10,gibbsbutcherblock.com
united states,,AQsZOzUUKntgq07d5uDh0w2xkPt3,retail,linkedin.com/company/her-closet-boutique,homewood,her closet boutique,illinois,1-10,
united states,,sIzErMBBOnYbGoihQON4LgA43ih2,retail,linkedin.com/company/sandys-hallmark,jupiter,sandys hallmark,florida,1-10,
united states,,fIoGmufRonfPIOHogLYlHgQsIvWb,retail,linkedin.com/company/harte-international-galleries,lahaina,harte international galleries,hawaii,11-50,hartegalleries.com
united states,,l2FiESAuLCDQ6nZCq87dBwtA7oKV,retail,linkedin.com/company/daltile-tile-&-stone-gallery,houston,daltile tile & stone gallery,texas,11-50,
united states,,wI21QCGyMommpXs27KuY6QbH4vha,retail,linkedin.com/company/anacortes-telescope-&-wild,anacortes,anacortes telescope & wild,washington,11-50,buytelescopes.com
united states,,PI896W7uWV0CfQGTGUHKhQ1VNtND,retail,linkedin.com/company/manna-hydration,new york,manna hydration,new york,51-200,mannahydration.com
united states,2005,qLmzbe8sTMfKB0ZUhz15rQKV4ZCY,retail,linkedin.com/company/seven-one-ventures,dallas,bell'invito stationery & home,texas,1-10,bellinvito.com
united states,,JXWQEqg7qDlCXzQC7rLe3wMaVrmJ,retail,linkedin.com/company/stewart-auto-group,pataskala,stewart auto group,ohio,11-50,stewartautogroup.com
united states,,frNAfZSDCAUOvZQeMjRKDgRlpQsj,retail,linkedin.com/company/ozark-home-brew,pea ridge,ozark home brew,arkansas,11-50,brewingkitspearidge.com
united states,,nOSM1TbLZIZmC7CZwWoBwAi6EUHP,retail,linkedin.com/company/forever-spring-florist,westwego,forever spring florist,louisiana,1-10,foreverspringflorist.com
united states,,GUVPZch8eIDK4JV02cOgYg2A1w24,retail,linkedin.com/company/syzmiksports,cockeysville,syzmik sports,maryland,1-10,arkhelmet.com
united states,,LmA8HUuUlJmAza4SeMyqKQyalHas,retail,linkedin.com/company/55th-medical-group,omaha,55th medical group,nebraska,1-10,
united states,2021,JfC8zSYWBL96N3Y1fBGylQtbtXw1,retail,linkedin.com/company/kicked-out,santa clara,kicked out,california,1-10,kickedoutsj.com
united states,,p3BDBs8BysBMjhmCT7KZ0QAQEhUK,retail,linkedin.com/company/fisher-&-father-inc,cranberry,fisher & father inc,pennsylvania,1-10,
united states,,7DQC8Hvgbm820SIsnhNUJgO52hNX,retail,linkedin.com/company/professional-eye-care---benson,benson,professional eye care - benson,north carolina,11-50,
united states,,0LtMiNaUmNxGaeiMnXwZ9AnkmTel,retail,linkedin.com/company/tower-west,bronx,tower west,new york,1-10,towerwest.org
united states,,4Uh47RwgLUYLGorJvheJFg6whjjr,retail,linkedin.com/company/jireh’s-flowers,germantown,jireh’s flowers,maryland,11-50,jirehflowers.com
united states,,3RwoNRsXyxTaGrn4WJ0WbQxbIT6m,retail,linkedin.com/company/matzke-fine-art-gallery-and-sculpture-park,camano island,matzke fine art gallery and sculpture park,washington,11-50,matzkefineart.com
united states,2009,EbluaO2ZXMAs1CXOKlW11wPJiYTj,retail,linkedin.com/company/copper-river-boats-&-permits-llc,cordova,copper river boats & permits llc,alaska,1-10,crboats-permits.com
united states,2023,izsBJIJRvSoimtA6DPTdHwLo58CX,retail,linkedin.com/company/social-joe-coffee,austin,social joe coffee,texas,1-10,socialjoecoffee.com
united states,,idBWJ0bHbp61JLNDA6ErCgxWUyPp,retail,linkedin.com/company/herb-chambers-hyundai-of-westborough,westborough,herb chambers hyundai of westborough,massachusetts,11-50,herbchambershyundaiofwestborough.com
united states,,RCWzog1HyM19K8auSugcEg94QhdK,retail,linkedin.com/company/oldies-marketplace,newburyport,oldies marketplace,massachusetts,1-10,oldies-ma.com
united states,1995,ZlS5vbDzBQffmUkiq24mZAl56Iu2,retail,linkedin.com/company/seaena,las vegas,seaena,nevada,11-50,seaena.com
united states,,odOW9YcxYzZPUQcX453crAFpCVrk,retail,linkedin.com/company/hyatt’s-all-things-creative,buffalo,hyatt’s-all things creative,new york,11-50,
united states,1999,D9JJKemaTSWOLeTBoZK0Awwv0DOK,retail,linkedin.com/company/bbr-motorsports-inc.,enumclaw,"bbr motorsports, inc.",washington,11-50,bbrmotorsports.com
united states,,ox5zpP8DeAwGfnA06fv3Wge6GEpZ,retail,linkedin.com/company/eye-story-optical,northridge,eye story optical,california,11-50,eyestoryinc.com
united states,,cZJoQXigKMfY7euF5lCQBAsbDyyG,retail,linkedin.com/company/practical-magicka,bellflower,practical magicka,california,1-10,practicalmagicka.com
united states,,N1FY8H8yBnyaOemEUfWBbQn2O8x4,retail,linkedin.com/company/herwig-lighting,pottsville,herwig lighting,arkansas,1-10,herwig.com
united states,,O3e4Z0Q9DNYGBUax6JIG8wFCfePF,retail,linkedin.com/company/imagination-books,malibu,imagination books,california,11-50,1000eggs.com
united states,,CFNp62y0N5SxKn4mMFX8aQVtXoED,retail,linkedin.com/company/bright-accessories,houston,bright accessories,texas,11-50,accs2go.com
united states,,yIlbesTqS6gnbwK9gfdYKAP4EZBC,retail,linkedin.com/company/georgia’s-governor’s-mansion,atlanta,georgia’s governor’s mansion,georgia,1-10,
united states,,NNxAnbbrwqNDDGfn6HrQxAIlBzIz,retail,linkedin.com/company/bottega-grill,miami,bottega grill,florida,1-10,bottegagrill.com
united states,,1N0eObL7wBxkNvfJwBeYcAJsQMAV,retail,linkedin.com/company/olde-towne-pomona-antique-mall,pomona,olde towne pomona antique mall,california,1-10,
united states,,YSPVxpEufUgP3lwIgdL7sQ5HQKWT,retail,linkedin.com/company/fabric-cleaners,southborough,fabric cleaners,massachusetts,1-10,
united states,,vUjCZ8HLVNCHj1q4MmNAMgr3kGir,retail,linkedin.com/company/harrys-pharmacy-inc,auburn,harrys pharmacy inc,illinois,1-10,
united states,,CtGswmeqhxJRKg7SXxChcQTKx1uf,retail,linkedin.com/company/a-t-liquor-inc,austin,a t liquor inc,texas,1-10,
united states,,rBmJodrG0CNnCaRltxSegAlMfyNf,retail,linkedin.com/company/belden’s-florist,west palm beach,belden’s florist,florida,1-10,beldensflorist.com
united states,2019,W5LvhCPoCR70NOtCgXmHIwGj5zYp,retail,linkedin.com/company/kyle-s-krayons,new city,kyle's krayons,new york,1-10,kyleskrayons.com
united states,,Rgj09h9ZLckVqR8Pq7esyQwK0ENn,retail,linkedin.com/company/simi-vapor,simi valley,simi vapor,california,11-50,simivaporstore.com
united states,,CAM5XB13HFBT9ZCCGwlvNAZm8k8M,retail,linkedin.com/company/new-york-players,loudonville,new york players,new york,11-50,newyorkplayers.com
united states,,SCI2MKsPEVK8NtUPRK3TDQxKJY1T,retail,linkedin.com/company/america’s-choice-e-cigarettes,jacksonville,america’s choice e-cigarettes,florida,11-50,americaschoiceecig.com
united states,,7CrM8QH4U3kCSKvGlWPBRQRRQLoh,retail,linkedin.com/company/top-dollar-pawnbrokers,oxon hill,top dollar pawn & jewelry,maryland,11-50,topdollarpawnbrokers.com
united states,,OfCjYHaiuCUVwMEMndaFCwRlAzi9,retail,linkedin.com/company/reach-fashion,haverhill,reach fashion,massachusetts,11-50,reachfashion.com
united states,2021,dB4JBK1HqSft8DLTwpmqrAV0Qm1t,retail,linkedin.com/company/shopthefrontporch,galveston,amy lane,texas,1-10,shopthefrontporch.com
united states,,ktwzuiQ4n39p44lTqCTZaQNnK1vp,retail,linkedin.com/company/littleton-antiques-&-such,littleton,littleton antiques & such,colorado,1-10,
united states,,Z8BRUiPKUUdy1RYhjdJNbQwpe0Y9,retail,linkedin.com/company/community-auto-parts,chicago,community auto parts,illinois,1-10,
united states,2017,uRqvQp6VLyRt1DPFLrovHQEJ1mgi,retail,linkedin.com/company/spring-brew-birmingham,birmingham,spring brew birmingham,alabama,1-10,springbrewcoffee.com
united states,1997,ahBN8C5Yk5hnJHKoTquthAN01M1K,retail,linkedin.com/company/allamericancarwash,wichita falls,all american car wash,texas,51-200,allamericansupercarwash.com
united states,2014,vgKiACf1DhnCWWMCJW4HzA7IyyWZ,retail,linkedin.com/company/naturalapiary,new boston,natural apiary,texas,1-10,naturalapiary.com
united states,2012,zKKIqVy4dQQrTZJdqcvfDQpypyN8,retail,linkedin.com/company/stelliana's-petit-boutique,raleigh,stelliana's petit boutique,north carolina,1-10,
united states,,0Lak2E7Kw2CwNeBOewXz0QkGEjUz,retail,linkedin.com/company/heritage-organics,pueblo,heritage organics,colorado,1-10,pueblomarijuanastores.com
united states,2009,83dIUU0SnmdTcPZAczFxhAyQAcLB,retail,linkedin.com/company/pretzel-crazy,pittsburgh,pretzel crazy,pennsylvania,1-10,pretzelcrazy.com
united states,,6Dfm9mkQ5D4nSkzRpxF90Q8l1rMS,retail,linkedin.com/company/mvp-video-duplication,chapel hill,mvp video duplication,north carolina,1-10,mvpvideoduplication.com
united states,,EW44W57BDu2jdJtGBMLWLgdKFEhb,retail,linkedin.com/company/american-tire-center,burlington,american tire center,new jersey,11-50,
united states,2018,kwjYjfRJc4HuCoCkBFkLFw1mOdA8,retail,linkedin.com/company/books-above-the-bend,narrowsburg,books above the bend,new york,1-10,booksabovethebend.com
united states,2008,3iTuXRgJnXyRBcSN73RGqwTAyEPn,retail,linkedin.com/company/creativewashtenaw,ann arbor,creative washtenaw,michigan,1-10,creativewashtenaw.org
united states,1951,Uy5SWZDJPg09l9Q7cjbuYA7VuUDi,retail,linkedin.com/company/jeff-lynch-appliance-&-tv-ctr,greenville,jeff lynch appliance & tv ctr,south carolina,51-200,jefflynch.com
united states,,aC8GkBuUoX1KEeyChT8uZwByesY9,retail,linkedin.com/company/swing-n-splash,rockford,swing n splash,illinois,11-50,swingnsplash.com
united states,,k94VBYiDTn3dUUQ5pmge5A4u3Ub5,retail,linkedin.com/company/okubo-farm-&-greenhouses,west valley city,okubo farm & greenhouses,utah,1-10,
united states,,AbqieX1WsCukjMOlzWqKlQWkxfWv,retail,linkedin.com/company/knights-of-anime,thousand oaks,knights of anime,california,1-10,
united states,,fnCA7eCG3PrCBc1SltkSHQE00hTr,retail,linkedin.com/company/diamonds-n-dunes,manteo,diamonds n dunes,north carolina,1-10,
united states,,THWnTEFYYR2buOALID9Uyg85l6m8,retail,linkedin.com/company/yellohdelivery,marshall,yelloh,minnesota,1001-5000,yelloh.com
united states,,04F6VbDKprG521abYAgEoQLiEcVg,retail,linkedin.com/company/hiway-liquors,sabetha,hiway liquors,kansas,1-10,yelp.com/biz/hi-way-liquors-frederick
united states,2022,PprmV8grbDnzzuZjUIiN2wEBAd2f,retail,linkedin.com/company/shrunk3d-hawaii,honolulu,shrunk3d hawaii,hawaii,1-10,
united states,,TdEesO34BjuikK9fxdALmQzcLYCb,retail,linkedin.com/company/marks-christmas-trees,santa rosa,marks christmas trees,california,1-10,
united states,1994,pDD720DAs9K7lsoh4ui92QAtMpxK,retail,linkedin.com/company/eric-firestone-gallery-inc.,tucson,"eric firestone gallery, inc.",arizona,1-10,ericfirestonegallery.com
united states,,XwOjAgwBVxNIqfjo0TTZRQ6jo2oP,retail,linkedin.com/company/jastad-forest-resources,puyallup,jastad forest resources,washington,1-10,
united states,,C8ZbusfL7EczIzBMU3rCMQnhNESS,retail,linkedin.com/company/rockwood-liquor-store,portland,rockwood liquor store,oregon,1-10,
united states,,1gr0EOg4xYFCdyrxMvCBDgz0bspY,retail,linkedin.com/company/jc-carolina-custom-bridal-&-formals,beulaville,jc carolina custom bridal & formals,north carolina,11-50,jccarolinaformals.com
united states,,26HWbBCWJp4AAHTpRIAyUASOJMwg,retail,linkedin.com/company/paces-papers-by-jackie,atlanta,paces papers by jackie,georgia,11-50,
united states,,LNwKgXbIRYWZ9ZBBw7Sw6QbJ0psd,retail,linkedin.com/company/angelton-decorating-&-upholstery-center,angleton,angelton decorating & upholstery center,texas,11-50,blindsangleton.com
united states,2013,UsWfQ8POSNchXz9WcVKAMg1z3QLs,retail,linkedin.com/company/bridal-aisle-wedding-consignment,osseo,bridal aisle wedding consignment,minnesota,1-10,
united states,2017,ac6CadQ1wg3k2mujjZdLkwaLptS1,retail,linkedin.com/company/eaglebauer-enterprises,overland park,ang's emporium and upcycle station,kansas,1-10,ebay.com/str/kennedyautosupply
united states,,YFqibRcywOcDxJeboEgiBwhHzMns,retail,linkedin.com/company/bookends-inc,billings,bookends inc,montana,11-50,bookends-mt.com
united states,2017,hk0vaBh54FAC0inpK2fY4wSbHh69,retail,linkedin.com/company/kala,new market,kala,indiana,1-10,mykala.com
united states,,L7zyItDeW3SGDirOsrV4uwC04ajS,retail,linkedin.com/company/it’s-a-block-party,indianapolis,it’s a block party,indiana,11-50,itsablockparty.com
united states,,CKBpUyFZL52zLMz5gr7b7wb0t8V9,retail,linkedin.com/company/stan-munslow-studio,coventry,stan munslow studio,rhode island,11-50,stanmunslow.com
united states,,wF1BwoUGZTwQ9PICByRR7Qs20dC1,retail,linkedin.com/company/plymouth-nursery-&-landscape,plymouth meeting,plymouth nursery & landscape,pennsylvania,11-50,
united states,,c5tJ6G7ibYXqsCkWpHDmLwC1IHIK,retail,linkedin.com/company/sierra-jewelry-&-loan,fontana,sierra jewelry & loan,california,1-10,
united states,,9I0J0C4ohdkTd17bLyEw2g0DuCJC,retail,linkedin.com/company/lifestyle-appliances,elmwood,lifestyle appliances,louisiana,1-10,lifestyleappliances.com
united states,,usi5qNkIYYCNsiM01cmVAwKRJnzF,retail,linkedin.com/company/livermore-art-association-gallery,livermore,livermore art association gallery,california,1-10,
united states,1999,eNYRJhmjBuKsaqbmU7V4mA7Skm4D,retail,linkedin.com/company/legacy-retail-solutions,rogers,legacy retail,arkansas,11-50,legacyretail.com
united states,,Tw4oVfXqgSNHyAABLHYu6QVDK310,retail,linkedin.com/company/webber-maryanne-gallery,palm springs,webber maryanne gallery,florida,1-10,
united states,2022,YR7I4YabrOvr7RnwejgoLAd1OtGP,retail,linkedin.com/company/double-black-sport,new york,double black,new york,1-10,doubleblackski.com
united states,2022,rbsJurDWniOL0F0hXvmEZgFMN4Ql,retail,linkedin.com/company/dakota-printing-embroidery-llc,bismarck,dakota printing & embroidery llc,north dakota,11-50,dakotape.com
united states,,3D968jBJxeSmGywKMSi70ACEh83c,retail,linkedin.com/company/station-park-honda,louisville,station park honda,kentucky,1-10,stationparkhonda.com
united states,2008,EyC3DLGmAsONg1dAlVYgDAS7GhHh,retail,linkedin.com/company/first-auto-connection-inc.,houston,"first auto connection, inc.",texas,1-10,firstautoconnection.com
united states,,gFyX0D14Qhbychw539xBCAUuZ8b4,retail,linkedin.com/company/c-&-r-design-electroforming-&-jewelry-design,sonoma,c & r design electroforming & jewelry design,california,1-10,vom.co
united states,2013,rzMyEo1kPAmSJVu8lN61NAuFxmQx,retail,linkedin.com/company/starwindmt-llc,livingston,starwindmt llc,montana,1-10,starwindmtusa.com
united states,,7xC9e16VRG2mRqus1mEa9gDbdLtC,retail,linkedin.com/company/buy-any-tires-depot,redlands,buy any tires depot,california,1-10,buyanytiresdepot.com
united states,1998,yw1MjM7Y1f5E63d3FySBMAJECiEh,retail,linkedin.com/company/santo-lincoln-mercury-volvo-inc.,moosic,"santo lincoln mercury volvo, inc.",pennsylvania,1-10,santolincolnmercury.com
united states,1976,Hjy3q6lpBIaQky09FcpKfw67pty7,retail,linkedin.com/company/goyer-ace-hardware,fort atkinson,goyer ace hardware,wisconsin,11-50,goyerace.com
united states,1981,svSa2FDzXKt3x8Ck6uxFaAQP5bnS,retail,linkedin.com/company/michael-genovese-jewelers,creve coeur,michael genovese jewelers,missouri,11-50,genovesejewelers.com
united states,,1dNkIhl9qSPoc0qjbcw3CwlKXgGg,retail,linkedin.com/company/packards-on-the-plaza-inc.,santa fe,"packards on the plaza, inc.",new mexico,11-50,
united states,,zAborw1dRoXwlPHpkNXnzAAWPHNR,retail,linkedin.com/company/atlantic-marine-brokers,waveland,atlantic marine brokers,mississippi,1-10,atlanticmarinebk.com
united states,,10zpD9KcEHLpSpWXjrsG9Af2iOou,retail,linkedin.com/company/brooklyn-t-shirt-factory,new york,brooklyn t-shirt factory,new york,1-10,
united states,,BCf1XG0TSJ9LWmtDnShg5AQIAOqE,retail,linkedin.com/company/cruizin-with-r-c’s,waldwick,cruizin with r-c’s,new jersey,11-50,
united states,,mVFgcwGWlpasRfRTZwprCQ7mEx5V,retail,linkedin.com/company/terps-cannabis,wellfleet,terps cannabis,massachusetts,11-50,
united states,,MUv0B7C9pZz0zNntoxjdGA2VDOg0,retail,linkedin.com/company/redfearn’s-nursery,cedar point,redfearn’s nursery,north carolina,1-10,
united states,1963,ICzTwhjuXi8eHr9UetY1cQqiIKNj,retail,linkedin.com/company/small-parts-inc,,small parts inc,,51-200,smallparts.com
united states,,pP0XeGKLj1ZGEGwn7mVD1QtvXYqM,retail,linkedin.com/company/the-canvas-chicks,canton,the canvas chicks,texas,11-50,thecanvaschicks.com
united states,2004,NCFkmegOKfZ8bg1bPBRxWAHuSxxh,retail,linkedin.com/company/hopes-attic-thrift-store,prescott valley,hopes attic thrift store,arizona,1-10,
united states,,gaMkKGiGodoMAzWklzDiWQyc78VP,retail,linkedin.com/company/lan’s-flowers,san jose,lan’s flowers,california,11-50,lansflowers.com
united states,1978,LXv8M2M1qh0AJsn4YXpyOgu7AcEr,retail,linkedin.com/company/lakeforest-mall,gaithersburg,lakeforest mall,maryland,1-10,shoplakeforest.com
united states,,rf22sKrTY9eujlSy8teI0QEz6fnq,retail,linkedin.com/company/hearts-for-you,manalapan,hearts for you,new jersey,11-50,heartsforyoubridal.com
united states,,8SiMNC6FFwrzjvrVVpMtwwC251rW,retail,linkedin.com/company/efco-usa-international-inc,charlotte,efco usa international inc,north carolina,1-10,
united states,1981,3l1tHQa1aJDFjaEoDMKxdwWoGbKi,retail,linkedin.com/company/candy's-florist,el monte,candy's florist,california,1-10,candysflorist.com
united states,,e5bb39YPkhnBOM3y5cCBJg0TukxS,retail,linkedin.com/company/wild-birds-unlimited-nature-shop,rockford,wild birds unlimited nature shop,illinois,11-50,
united states,,aUxyKcb89x3qg5E08sxQHQSaxJH1,retail,linkedin.com/company/hi-desert-daydream,twentynine palms,hi-desert daydream,california,1-10,hidesertdaydream.com
united states,1982,qzqJSKEABHFzC9LbgCTiIgmLfWmt,retail,linkedin.com/company/big-boy-toys,rathdrum,big boy toys,idaho,1-10,getmetaldetector.com
united states,,8MWWXdbwStVn0kueQctl0QagcW5L,retail,linkedin.com/company/porthill-mercantile,bonners ferry,porthill mercantile,idaho,1-10,
united states,,3VZtGpjRjLZv4TnGUJmwwgoaGLhH,retail,linkedin.com/company/ez-home-loans,san diego,ez home loans,california,1-10,ezhomeloans.org
united states,2011,fapaHEcjlyrtGy4Or6ohCA2vciz9,retail,linkedin.com/company/jdmhobbyshop,west palm beach,jdm hobby shop,florida,1-10,jdmhobbyshop.com
united states,,EzsSxUB4sxN6O38JJIBbHAN6Th01,retail,linkedin.com/company/treasure-house-of-st-mark’s-episcopal-church,beaumont,treasure house of st mark’s episcopal church,texas,1-10,
united states,,bLD03KAMsEDxGYnMVKMcBw3UY2F9,retail,linkedin.com/company/aaa-jewelers,elyria,aaa jewelers,ohio,1-10,
united states,,RX6Ndf4xnwy9wgRGkR6LEgUTgdZT,retail,linkedin.com/company/babiarz-law-offices,pittsburgh,babiarz law offices,pennsylvania,1-10,
united states,,U9HOfHJO381pTzmIaBxJ5AuO4u4x,retail,linkedin.com/company/value-ventures,arroyo grande,value ventures,california,1-10,valuesventure.com
united states,,b6d0yQSJh9fVjWcQ1kY6wQlN5yTT,retail,linkedin.com/company/jamestown-general-store,jamestown,jamestown general store,north carolina,1-10,
united states,,GAPNxgcLflv94MUGqv7CzQ6FaPdK,retail,linkedin.com/company/vnc-auto-repair-service,paterson,vnc auto repair service,new jersey,1-10,vncauto.com
united states,,v001BBJ1dvuDV8oZZAhMtQ1dqsXy,retail,linkedin.com/company/frank-&-camille’s-keyboard-center,valley stream,frank & camille’s keyboard center,new york,11-50,
united states,,ZYxWxwfHd6Y2BBHM1Zus4AKA5oC0,retail,linkedin.com/company/contessa-bottega,chicago,contessa bottega,illinois,1-10,contessabottega.com
united states,,awSIED0K1LIQaEvTECe7jAGPJNzT,retail,linkedin.com/company/altmans-winnebago,carson,altmans winnebago,california,11-50,
united states,,lhINGlmN5zKBZ1fHQ0JGKwiZAP0K,retail,linkedin.com/company/shaconage-stone-art-and-jewelry,gatlinburg,shaconage stone art and jewelry,tennessee,11-50,shaconagestoneartandjewelry.net
united states,,uZRDOuxNSALBBMslvjwUBwADGsyE,retail,linkedin.com/company/elegant-bride-and-quinceanera-llc,modesto,"elegant bride and quinceanera, llc",california,1-10,
united states,,aS4odmGv0lILPCAUZOafhwCIyFkx,retail,linkedin.com/company/pennyrich-bras-&-lingerie,lubbock,pennyrich bras & lingerie,texas,11-50,pennyrichbras.net
united states,,PIeV57grZZUise6CWb8QGwU4V0gp,retail,linkedin.com/company/east-carolina-stockyard,ayden,east carolina stockyard,north carolina,1-10,eastcarolinastockyard.com
united states,,t2St2Eun12uUkCZCFt8ClgNGQH1H,retail,linkedin.com/company/legacy-house-imports-inc,madison,legacy house imports inc,wisconsin,1-10,legacyhouseimports.com
united states,,dWSlIwBeBF4sNUG5pteOCwNUotoX,retail,linkedin.com/company/antiques-on-monterey,san luis obispo,antiques on monterey,california,11-50,antiquesonmonterey.com
united states,,g0CW1sg86icR2eH7JeDYvwWyRfOk,retail,linkedin.com/company/flora-landscape-contractors-llc,baton rouge,flora landscape contractors llc,louisiana,1-10,floralandscapecontractors.com
united states,,HTZvy0BLKSIHtaxx5RWQJgm6HF3T,retail,linkedin.com/company/mother-lode-music,jackson,mother lode music,california,1-10,motherlodemusicstore.com
united states,2020,bAYyRLqi4K3hPtrXKZSIjAHzwXs3,retail,linkedin.com/company/earthy-corazon,los angeles,earthy corazon,california,1-10,earthycorazon.com
united states,,Dz7xXdESPJ7TKsqqjkmNcAJuHcEI,retail,linkedin.com/company/rhea-lana's-of-lewisville-carrollton,lewisville,rhea lana's of lewisville-carrollton,texas,1-10,
united states,,Wd819xGoXyK38iHKkFozHgmq0ldv,retail,linkedin.com/company/pretty-ladies-boutique,palm bay,pretty ladies boutique,florida,1-10,
united states,,CtNuE3VDgqbxgBa3aUa29glwIJ44,retail,linkedin.com/company/lowe’s-home-improvement-warehouse-of-marshall,marshall,lowe’s home improvement warehouse of marshall,texas,1-10,
united states,2005,CWL5wAuIv9zWqfpDqrVSLAVGXuBL,retail,linkedin.com/company/grigorians-inc.,los angeles,grigorians inc.,california,11-50,
united states,2001,EI014CSisNv3350mPzdBEQnKBrtE,retail,linkedin.com/company/jove-wang-art-studio-inc.,alhambra,"jove wang art studio, inc.",california,1-10,jovewang.com
united states,2020,f0IWCc5DDseoKiGamUOCiwn8SaGY,retail,linkedin.com/company/touria,philadelphia,touria™,pennsylvania,1-10,touria.earth
united states,2021,NnEixGV1jV9Gr6CGB0eOWgFdM8Lm,retail,linkedin.com/company/createstudiosdiy,lake elsinore,create. studios,california,1-10,creatediystudios.com
united states,,ykkPI6MCXeM9cFBYHB9EaQc5LRle,retail,linkedin.com/company/designs-by-susie,baton rouge,designs by susie,louisiana,1-10,
united states,1999,ISbudByFxeUS1CRCAmCi0gpU90Xy,retail,linkedin.com/company/atlasnova-inc,mead,"atlasnova, inc.",washington,1-10,atlasnova.com
united states,2019,EF9ABNRkbyAutyC1fBFlmgLOHVbU,retail,linkedin.com/company/heykaido,new york,"hey, kaido",new york,1-10,shopkaido.com
united states,2020,xbAAxLesTzB1zrBX2X19HQeuWtku,retail,linkedin.com/company/garage108kent,kent,garage 108,ohio,11-50,garage108kent.com
united states,,nSKlQQZuFRXSzRzwpSjgzAnYSFbj,retail,linkedin.com/company/hometown-flowers-&-gifts,covington,hometown flowers & gifts,tennessee,11-50,covingtonhometownflowers.com
united states,2016,iLT2OI5hFMeHRpXVyCG87A0XQPle,retail,linkedin.com/company/silk-jade,los angeles,silk & jade,california,1-10,silkandjade.com
united states,2007,ECf7Lqm8Sk5atilmM9PZFQNTtSH3,retail,linkedin.com/company/kreatelier-gift-shops,providence,kreatelier,rhode island,1-10,kreatelier.com
united states,,QBxCNOrECyYGnM2a8EC8BACbEjP6,retail,linkedin.com/company/hibiscus-island-home,miami,hibiscus island home,florida,11-50,hibiscusislandhome.com
united states,2015,L4a9AYpOJXia9rYoIYpH6ACSM0Oz,retail,linkedin.com/company/encore-incentives,redmond,the cla app (customer loyalty accelerator),washington,1-10,customerloyaltyfast.com
united states,,qIIX4t93fnvxsBbgOvhFPQUiWqhn,retail,linkedin.com/company/kay-imports,atlanta,kay imports,georgia,11-50,
united states,,j1y5xBLmwNYqYlNeA3REwghFf9cR,retail,linkedin.com/company/miller-motor-car-corp,vestal,miller motor car corp,new york,51-200,
united states,2010,EL5HuENEYRVyIbSj1k823g6yb79p,retail,linkedin.com/company/higher-power-flowers-llc,lakewood,higher power flowers llc,colorado,1-10,higherpowerflowers.com
united states,,PwFRW20aW4QJv0UAHWtsoAj6yNoI,retail,linkedin.com/company/chinese-avenue,hurst,chinese avenue,texas,1-10,
united states,,dzmEnK4MaadgB7PbXa2MjQuBv8LP,retail,linkedin.com/company/james-usher,humboldt,james usher,nebraska,1-10,
united states,,GBPOOztcjrkIO2G6sdLB0QOgDTDN,retail,linkedin.com/company/jared-galleria-of-jewels,richmond,jared galleria of jewels,virginia,1-10,
united states,2019,9LZyjYBZa34i8GChLSIpwgSyAdAB,retail,linkedin.com/company/nexgen-promos,trumbull,nexgen promos,connecticut,1-10,nexgenpromos.com
united states,,5YdLrAznt9krcHQ7DIT8ogFG8nDm,retail,linkedin.com/company/sosu-creative-labs,denver,sosu creative labs,colorado,11-50,sosucreative.com
united states,,asuTyhsxkBvdlanHRkhW4g22yeEO,retail,linkedin.com/company/depot-antique-mall,st. cloud,depot antique mall,minnesota,11-50,
united states,,SPZMRfqhzMSzSPtmiLbb6wZdFeJi,retail,linkedin.com/company/decatur-bicycle-shoppe-ltd,decatur,decatur bicycle shoppe ltd,illinois,1-10,decaturbicycle.com
united states,,BwQzU1hTguvq3rMrr28cHg985gtq,retail,linkedin.com/company/charles-department-store,katonah,charles department store,new york,1-10,charlesdepartmentstore.com
united states,2019,KvMJLOnEUcptKCUgLHAoRAnFmiLB,retail,linkedin.com/company/urban-bikes-direct,kelly usa,urban bikes direct,texas,1-10,urbanbikesdirect.com
united states,2019,BTLfJJ7fukAmJgXRlFyNcwSOl1xe,retail,linkedin.com/company/main-street-emporium-llc,bountiful,"main street emporium, llc",utah,1-10,mainstemporium.com
united states,2009,cJB4rkBgXpEMUBSipnGzBwpNmMcP,retail,linkedin.com/company/le-chef-costumier-inc,burbank,"le chef costumier, inc",california,11-50,lechefcostumier.com
united states,,foGsJrALOrdCecZiSrkiGgAvooYY,retail,linkedin.com/company/liberty-lake-powersports-llc-dba-allsport-polaris-honda,liberty lake,"liberty lake powersports, llc dba allsport polaris/honda",washington,11-50,
united states,,4CMAHmPKfl6aq8BOEqHexgcqKa68,retail,linkedin.com/company/golden-gull-studios-inc,plymouth,golden gull studios inc,massachusetts,1-10,goldengullstudios.com
united states,,T8dVN8jAZBcKb9OBmzjMAABLwHAW,retail,linkedin.com/company/l-miller-&-son-lumber-company,chicago,l miller & son lumber company,illinois,1-10,
united states,2023,TBHY36DouC6gKnnqrQ25fAB0fKVz,retail,linkedin.com/company/camdenapothecary,camden,camden apothecary,new jersey,1-10,camdenapothecary.com
united states,,W5gcYXPA7SrnQgdksdYXVgRcIMmL,retail,linkedin.com/company/all-ohio-reptile-show,hilliard,all ohio reptile show,ohio,11-50,allohioreptileshows.webs.com
united states,,D30LLrMCm6HFTlQbXVRpNwWBj1YL,retail,linkedin.com/company/still-in-style-llc,fremont,still in style llc,ohio,1-10,
united states,,j83jhX8VD6e7bpbgCXegIwbosmrm,retail,linkedin.com/company/interior-design-by-distinctive-decor,,interior design by distinctive decor,,10001+,d-decor.com
united states,,EcHVii8j0Vq5xzDUro55lA1Qmc6m,retail,linkedin.com/company/aloha-antiques,capistrano beach,aloha antiques,california,1-10,alohaantiques.com
united states,2021,xxdglYRsW2LiIVsZyxYEjgA7P54v,retail,linkedin.com/company/in-out-fun,winter garden,in out fun,florida,1-10,inoutfun.com
united states,,Xhham0SfSyJqKZXra2uAkwhxYi9R,retail,linkedin.com/company/eze-travel,anaheim,eze travel,california,1-10,
united states,,Dv5ZZ2XnEnxMFgg1qk6bOgDxKU36,retail,linkedin.com/company/truck-&-auto-elegance,waukesha,truck & auto elegance,wisconsin,1-10,truckandautoelegance.com
united states,2016,85lpGShx0loEHsf6nmUnVw6P7M1n,retail,linkedin.com/company/oakland-shading-company,la salle,oakland shading company,california,1-10,oakshadeco.com
united states,2001,cX9fVcypLmpfSUN7KVKIYw9VjrnN,retail,linkedin.com/company/scrubs-on-wheels,elkhart,scrubs on wheels,indiana,51-200,scrubsonwheels.com
united states,,ZLrTyVLRiFeTIIYmWJ69bwqhGMsE,retail,linkedin.com/company/ball-park-souveniers,westbury,ball park souveniers,new york,1-10,yankeesstorenyc.com
united states,,l3omnS0Z2LlRNSv1lrQcrwEHuk5G,retail,linkedin.com/company/family-auto-of-easley,easley,family auto of easley,south carolina,11-50,familyautoofeasley.com
united states,,GR4VQKn1pHCccsHwf46Ccw5EdXeG,retail,linkedin.com/company/retro-fit-vintage,san francisco,retro fit vintage,california,11-50,retrofityourworld.com
united states,,0dkRVRcn4nWILxjf5cg5BQEwWRCB,retail,linkedin.com/company/soldans-feeds-&-pet-supplies,,soldans feeds & pet supplies,,1-10,soldanspet.com
united states,,uENQgASeli3clrb2mkcWYwvqAaxH,retail,linkedin.com/company/indian-summer-gifts,pittsburgh,indian summer gifts,pennsylvania,1-10,newindiansummer.com
united states,,T6nvnhZie9fVvVZVYswkMQcUNAbn,retail,linkedin.com/company/volvo-sales-&-service-turner-volvo,sacramento,volvo sales & service-turner volvo,california,1-10,
united states,,XizIli3f1AdTD083WnHAXAcsR099,retail,linkedin.com/company/water-works-water-treatment-inc-,,water works water treatment inc.,,1-10,waterworkswater.com
united states,2022,zE4JIJxa1JIqbztv7HkCew8wFZNE,retail,linkedin.com/company/souloco,brooklyn,soulo,new york,1-10,soulo.co
united states,,7A90s3TX3WKjx33jKfA2SgNfF3nQ,retail,linkedin.com/company/letarte-swimwear-llc,fairfield,letarte swimwear llc,connecticut,11-50,
united states,,R5gbfbGZLsieb3pM3VXjVAx48JrK,retail,linkedin.com/company/local-universe,lakewood,local universe,colorado,1-10,explorelocaluniverse.com
united states,1993,xOzptZhbvEKRHSFiReuBQQ51isjn,retail,linkedin.com/company/total-beauty-experience,sacramento,total beauty experience,california,11-50,
united states,2010,BpaiuXlmQBosQ8LLtBlwMA1PYsU2,retail,linkedin.com/company/eco-chic-boutique,fargo,eco chic boutique,north dakota,1-10,beingecochic.com
united states,,iVC4YkqB1W5FFhxWDhpiBAxnNcEy,retail,linkedin.com/company/unshredded-nostalgia,barnegat,unshredded nostalgia,new jersey,1-10,unshreddednostalgia.com
united states,,wBB1xpG4hsKE52nYFqCv7wcaIU7O,retail,linkedin.com/company/shotgun-annie’s,sautee-nacoochee,shotgun annie’s,georgia,1-10,
united states,,uZn5O16TbWn7ijOxgaXacgDH3t1O,retail,linkedin.com/company/manteno-ford,manteno,manteno ford,illinois,1-10,mantenoford.com
united states,,m1tcNZAU3kr0bWJgf9jYxw3yBkfS,retail,linkedin.com/company/mark-kia,scottsdale,mark kia,arizona,51-200,markkia.com
united states,,OJfvW9jazCFtIi7Bc2z6hAaMMtfk,retail,linkedin.com/company/m-flower-garnent-inc,san francisco,"m flower garnent, inc",california,1-10,
united states,,CAngBaPBckQIgXK0Z7UiDwmlAhtl,retail,linkedin.com/company/khodal-inc,oak grove,khodal inc,kentucky,1-10,
united states,,qBcuQ31DVWpOC2sXfMiLTAxYlZ1c,retail,linkedin.com/company/jorgensen-chevrolet-buick-gmc,ephraim,jorgensen chevrolet buick gmc,utah,1-10,jorgchev.com
united states,2009,5jga4B7vjHAOExYc09DcBQXfDNkB,retail,linkedin.com/company/tech-city-electronics,romeo,tech city electronics,michigan,1-10,techcityelectronics.com
united states,,upOEZawL6VKbI9D5W1gVOQ3Hvd10,retail,linkedin.com/company/saeed-saleem,las vegas,saeed saleem,nevada,1-10,
united states,2004,yW7GHcXiqIZ3wWzVOnN4UguvSLWX,retail,linkedin.com/company/rhinestone-studio,austin,rhinestone studio www.rhinestonestudio.com 512-330-4900,texas,1-10,rhinestonestudio.com
united states,,cUFXy0SGUGPl3FIIiJoJIAX1Jl1D,retail,linkedin.com/company/bananballed-com,,bananballed.com,,1-10,bananaballed.com
united states,,sh991aQPyac9004nkNDv3wztJgWW,retail,linkedin.com/company/sticky’s-smoke-shop,tucson,sticky’s smoke shop,arizona,11-50,stickyssmokeshop.com
united states,,5tSLQMiIKMq8OcCgRAUPsghFMms6,retail,linkedin.com/company/pizza-primo-llc,cumming,pizza primo! llc,georgia,1-10,pizza-primo.com
united states,,FGsHkpHf0lyMZrvGhul2CQ5AN4Gf,retail,linkedin.com/company/just-deadly-clothing,el monte,just deadly clothing,california,1-10,justdeadly.com
united states,,AmZhjNR5SMHKW2ODjgn2BAykVow1,retail,linkedin.com/company/darkside-displays,marana,darkside displays,arizona,1-10,darksidedisplays.com
united states,,fRojwnJCfQiww38meiVwdwtIl9uo,retail,linkedin.com/company/flirt-prom-and-pageant,cumming,flirt prom and pageant,georgia,1-10,xoxoflirtprom.com
united states,,2UjEe28CdLiMUk5lBc7v8A8EEuWi,retail,linkedin.com/company/randys-jewelry,lancaster,randys jewelry,pennsylvania,1-10,randys-jewelry.com
united states,,f4i4ESyTo75gEu0PhlGd0QZCYAZP,retail,linkedin.com/company/essco-service-co,lindenhurst,essco service co,new york,1-10,esscoservice.stihldealer.net
united states,,KNVjQ1hE6BQIcIcqIlrc8AP8Szr6,retail,linkedin.com/company/vip-smoke-shop,skokie,vip smoke shop,illinois,1-10,vipsmoke.com
